<?xml version="1.0" encoding="UTF-8"?>
<!DOCTYPE targetDefinitions [ 
	<!ELEMENT targetDefinitions (board)>
	<!ELEMENT board (name, dbgIF+, dbgDEV, mcuId)>
	<!ELEMENT name (#PCDATA)>
	<!ELEMENT dbgIF (#PCDATA)>
	<!ELEMENT dbgDEV (#PCDATA)>
	<!ELEMENT mcuId (#PCDATA)>
	<!ATTLIST board id CDATA #REQUIRED>
]>

<targetDefinitions>
  <board id="steval-mksbox1v1">
    <name>STEVAL-MKSBOX1V1</name>
    <dbgIF>SWD</dbgIF>
    <dbgDEV>ST-Link</dbgDEV>
    <mcuId>stm32l4r9zijx</mcuId>
  </board>
</targetDefinitions>
